标题,字段1,字段2,字段3,字段4,字段5,字段6,字段7,字段8,字段9,字段10,字段11
滋补调养,补气补血,减肥瘦身,安神助眠,增强抵抗力,补肾/壮阳,,,,,,
男科/泌尿,性功能障碍,男性不育症,前列腺炎,肾病,泌尿系统疾病,,,,,,
感冒/呼吸系统,感冒发烧,咳嗽,上火,小儿感冒,哮喘,支气管炎,慢性阻塞性肺病,,,,
妇科用药,妇科炎症,月经不调,乳腺炎,避孕药,孕产期,更年期,,,,,
消化系统,胃炎,便秘,结肠炎,消化不良,胃肠溃疡,腹泻,痔疮,蛔虫病,营养剂,小儿肠胃用药,消化系统其他类
风湿骨科,痛风,风湿类风湿,关节炎,骨质增生,股骨头坏死,腰椎病,颈椎病,脊椎炎,外用贴膏,骨质疏松,跌打骨伤
肿瘤科,肺癌,肝癌,胃癌,食道癌,淋巴癌,白血病,乳腺癌,宫颈癌,肾癌,结直肠癌,前列腺癌
皮肤性病科,皮炎癣症,荨麻疹,白癜风,银屑病[牛皮癣],痤疮[青春痘],疤痕[瘢痕],脱发,疱疹,系统性红斑狼疮,黄褐斑,尖锐湿疣
五官用药,鼻炎,咽喉炎,眼部炎症,眼干眼涩,近视弱视,白内障,青光眼,黄斑变性,葡萄膜炎,玻璃体浑浊,耳聋耳鸣
心脑血管,高血压,高血脂,冠心病,心绞痛,静脉曲张,动脉硬化,心肌炎,心律失常,脑血管病,心力衰竭,肺动脉高压
神经系统,中风,面瘫,癫痫,失眠,戒烟,帕金森,神经衰弱,老年性痴呆,多动症,抑郁症,焦虑症
肝病科,乙肝,肝纤维化肝硬化,脂肪肝,保肝护肝,肝性脑病,胆道疾病,胆结石,免疫调节,,,
内分泌,糖尿病,甲状腺疾病,,,,,,,,,
维生素,复合维生素,维生素AD/鱼肝油,维生素B,维生素C,维生素E,,,,,,
叶酸,叶酸片,叶酸铁片,,,,,,,,,
钙剂,钙片,钙胶囊,液体钙,复合钙,成人钙,小儿钙,,,,,
矿物质,镁,铁,锌,复合矿物质,,,,,,,
检测器材,血压计,血糖仪,体温计,血氧仪,听诊器,计步器,体重秤/处方秤,脂肪测量,温度计/湿度计,酒精测量仪,
家庭药箱,创可贴,酒精/消毒剂,棉签/棉球/棉片,绷带/纱布,退热贴/冰袋,胶布,晕车贴,药箱/药包,急救包,手套,
理疗康复,胰岛素针头,贴膏/喷剂,制氧机,雾化器,牵引器具,电磁治疗仪,降压仪,针灸,保健枕,拔罐器具,
母婴检测,胎心仪,吸奶器,,,,,,,,,
呼吸道防护,口罩,防毒面罩,空气净化器,鼻炎/鼻腔喷雾器,,,,,,,
辅助器材,助听器,煎药煲,轮椅,便盆,拐杖/助行器,,,,,,
护具系列,护膝/护踝,护腰,护颈/护肩,护肘/护腕,,,,,,,
眼罩耳塞,眼罩,耳塞,,,,,,,,,
健康家电,美容仪/按摩仪,足浴盆,,,,,,,,,
参类产品,西洋参,高丽参,党参,参茶,河参,红参,野山参,,,,
贵细滋补,鹿茸,石斛,灵芝,当归,冬虫夏草,燕窝/雪蛤,枣类,阿胶,,,
花茶/茶叶,枸杞,菊花,金银花,玫瑰花,蜂蜜,罗汉果,山楂,大麦茶,茶叶,瘦身茶,养颜花茶
中药饮片,黄芪,三七/田七,天麻,中草药,,,,,,,
药食煲汤料,龙眼肉/桂圆,百合,玉竹,莲子,山药,传统汤料,粗粮干货,休闲零食,,,
体检人群,通用体检,中老年体检,青年体检,,,,,,,,
按地区找,上海,浙江,江苏,广东,河北,重庆,湖南,福建,湖北,北京,江西
体检类别,大众基础,白领,应酬,亚健康,入职,行政人员,孕前,吸烟,婚检/情侣,肥胖,
主要疾病,肿瘤,糖尿病,心脑血管,妇科,骨质疏松,风湿骨痛,前列腺,乳腺,甲状腺,肝病,颈椎病
口腔诊疗,美白/清洁牙齿,烤瓷牙,种植牙,补牙/拔牙,全瓷牙,正畸矫正,,,,,
男性,性功能障碍,前列腺炎/增生,生发养发,补肾壮阳,解酒护肝,缓解疲劳,避孕药,润滑液,,面部洗护,
女性,妇科炎症,月经不调,更年期,妇科洗液,短效避孕药,美容养颜,减肥瘦身,调节内分泌,女士营养素,补血补气,隐形眼镜
老人,高血压,糖尿病,心律心痛,前列腺疾病,关节炎,肝病,老年营养素,提升免疫力,调血糖血脂,润肠通便,改善睡眠
孕妇,孕妇维生素,孕妇叶酸,孕妇营养素,防辐射服,孕妇短裤,,,,,,
儿童,儿童感冒咳嗽,儿童肠胃病,儿童维生素,DHA,儿童钙,增高助长,鱼油,婴幼儿洗发露,,,
